pan,tilt,ir,dist
60.0,51.0,40.0,69.26713678336
62.0,51.0,81.0,49.64443056266823
64.0,51.0,40.0,69.26713678336
66.0,51.0,34.0,72.85350000305839
68.0,51.0,53.0,62.170910275883664
70.0,51.0,72.0,53.29609218457108
72.0,51.0,75.0,52.04190473828125
74.0,51.0,81.0,49.64443056266823
76.0,51.0,81.0,49.64443056266823
78.0,51.0,61.0,58.2300737542174
80.0,51.0,31.0,74.72482318540713
82.0,51.0,42.0,68.11665263391413
84.0,51.0,60.0,58.70589196864
86.0,51.0,23.0,79.9813572042446
88.0,51.0,50.0,63.730105124999994
90.0,51.0,41.0,68.68913646599376
92.0,51.0,29.0,76.00216327206377
94.0,51.0,36.0,71.63519866057585
96.0,51.0,37.0,71.0346838997223
98.0,51.0,29.0,76.00216327206377
100.0,51.0,36.0,71.63519866057585
102.0,51.0,7.0,91.74109455276806
104.0,51.0,46.0,65.88099883757137
106.0,51.0,35.0,72.24145541017124
108.0,51.0,43.0,67.54964093531305
110.0,51.0,52.0,62.68558578781204
112.0,51.0,68.0,55.0280701180926
114.0,51.0,90.0,46.31112114436
116.0,51.0,54.0,61.66123523711983
118.0,51.0,55.0,61.15651924842625
120.0,51.0,39.0,69.8506981865008
119.0,52.0,27.0,77.3037768451805
117.0,52.0,28.0,76.64991208492013
115.0,52.0,32.0,74.09513740234262
113.0,52.0,44.0,66.9880572663515
111.0,52.0,30.0,75.36048276652001
109.0,52.0,54.0,61.66123523711983
107.0,52.0,35.0,72.24145541017124
105.0,52.0,27.0,77.3037768451805
103.0,52.0,31.0,74.72482318540713
101.0,52.0,31.0,74.72482318540713
99.0,52.0,44.0,66.9880572663515
97.0,52.0,43.0,67.54964093531305
95.0,52.0,9.0,90.17503736040335
93.0,52.0,62.0,57.75893129269237
91.0,52.0,63.0,57.29242505657988
89.0,52.0,55.0,61.15651924842625
87.0,52.0,55.0,61.15651924842625
85.0,52.0,57.0,60.16179992535716
83.0,52.0,46.0,65.88099883757137
81.0,52.0,33.0,73.47137854673201
79.0,52.0,28.0,76.64991208492013
77.0,52.0,32.0,74.09513740234262
75.0,52.0,43.0,67.54964093531305
73.0,52.0,35.0,72.24145541017124
71.0,52.0,43.0,67.54964093531305
69.0,52.0,32.0,74.09513740234262
67.0,52.0,27.0,77.3037768451805
65.0,52.0,15.0,85.64489305551625
63.0,52.0,43.0,67.54964093531305
61.0,52.0,31.0,74.72482318540713
60.0,53.0,43.0,67.54964093531305
62.0,53.0,24.0,79.30254708437646
64.0,53.0,26.0,77.96380545085714
66.0,53.0,28.0,76.64991208492013
68.0,53.0,79.0,50.427495265920875
70.0,53.0,70.0,54.153424315479995
72.0,53.0,62.0,57.75893129269237
74.0,53.0,47.0,65.33543710352254
76.0,53.0,46.0,65.88099883757137
78.0,53.0,21.0,81.35810073492532
80.0,53.0,32.0,74.09513740234262
82.0,53.0,4.0,94.14414269819022
84.0,53.0,50.0,63.730105124999994
86.0,53.0,66.0,55.9203319278888
88.0,53.0,39.0,69.8506981865008
90.0,53.0,39.0,69.8506981865008
92.0,53.0,30.0,75.36048276652001
94.0,53.0,5.0,93.33586027273876
96.0,53.0,46.0,65.88099883757137
98.0,53.0,50.0,63.730105124999994
100.0,53.0,7.0,91.74109455276806
102.0,53.0,30.0,75.36048276652001
104.0,53.0,49.0,64.26003300004103
106.0,53.0,80.0,50.03398090752
108.0,53.0,90.0,46.31112114436
110.0,53.0,42.0,68.11665263391413
112.0,53.0,36.0,71.63519866057585
114.0,53.0,45.0,66.43185777044876
116.0,53.0,30.0,75.36048276652001
118.0,53.0,51.0,63.20530343614917
120.0,53.0,40.0,69.26713678336
119.0,54.0,24.0,79.30254708437646
117.0,54.0,35.0,72.24145541017124
115.0,54.0,31.0,74.72482318540713
113.0,54.0,57.0,60.16179992535716
111.0,54.0,57.0,60.16179992535716
109.0,54.0,23.0,79.9813572042446
107.0,54.0,27.0,77.3037768451805
105.0,54.0,39.0,69.8506981865008
103.0,54.0,43.0,67.54964093531305
101.0,54.0,39.0,69.8506981865008
99.0,54.0,48.0,64.79512944923115
97.0,54.0,58.0,59.67171493914508
95.0,54.0,67.0,55.471979982962175
93.0,54.0,159.0,28.91121059425866
91.0,54.0,80.0,50.03398090752
89.0,54.0,22.0,80.6665253550015
87.0,54.0,21.0,81.35810073492532
85.0,54.0,79.0,50.427495265920875
83.0,54.0,62.0,57.75893129269237
81.0,54.0,34.0,72.85350000305839
79.0,54.0,6.0,92.53486214163408
77.0,54.0,23.0,79.9813572042446
75.0,54.0,31.0,74.72482318540713
73.0,54.0,35.0,72.24145541017124
71.0,54.0,46.0,65.88099883757137
69.0,54.0,61.0,58.2300737542174
67.0,54.0,39.0,69.8506981865008
65.0,54.0,27.0,77.3037768451805
63.0,54.0,19.0,82.76067128702596
61.0,54.0,3.0,94.95976344436657
60.0,55.0,21.0,81.35810073492532
62.0,55.0,17.0,84.18946770328108
64.0,55.0,46.0,65.88099883757137
66.0,55.0,47.0,65.33543710352254
68.0,55.0,59.0,59.18642569790845
70.0,55.0,52.0,62.68558578781204
72.0,55.0,38.0,70.43986552529485
74.0,55.0,51.0,63.20530343614917
76.0,55.0,35.0,72.24145541017124
78.0,55.0,14.0,86.38271870456175
80.0,55.0,11.0,88.6372641371643
82.0,55.0,23.0,79.9813572042446
84.0,55.0,62.0,57.75893129269237
86.0,55.0,89.0,46.66655343531391
88.0,55.0,46.0,65.88099883757137
90.0,55.0,23.0,79.9813572042446
92.0,55.0,88.0,47.025640739312436
94.0,55.0,234.0,19.910622728568786
96.0,55.0,142.0,32.10587139622131
98.0,55.0,46.0,65.88099883757137
100.0,55.0,20.0,82.05613280447999
102.0,55.0,99.0,43.271289921130126
104.0,55.0,47.0,65.33543710352254
106.0,55.0,39.0,69.8506981865008
108.0,55.0,59.0,59.18642569790845
110.0,55.0,34.0,72.85350000305839
112.0,55.0,24.0,79.30254708437646
114.0,55.0,24.0,79.30254708437646
116.0,55.0,40.0,69.26713678336
118.0,55.0,12.0,87.87885252755477
120.0,55.0,50.0,63.730105124999994
119.0,56.0,27.0,77.3037768451805
117.0,56.0,35.0,72.24145541017124
115.0,56.0,35.0,72.24145541017124
113.0,56.0,9.0,90.17503736040335
111.0,56.0,42.0,68.11665263391413
109.0,56.0,55.0,61.15651924842625
107.0,56.0,19.0,82.76067128702596
105.0,56.0,28.0,76.64991208492013
103.0,56.0,59.0,59.18642569790845
101.0,56.0,83.0,48.87708130289312
99.0,56.0,57.0,60.16179992535716
97.0,56.0,63.0,57.29242505657988
95.0,56.0,107.0,40.796589480206244
93.0,56.0,266.0,17.601957048279207
91.0,56.0,192.0,24.11958581161493
89.0,56.0,24.0,79.30254708437646
87.0,56.0,54.0,61.66123523711983
85.0,56.0,70.0,54.153424315479995
83.0,56.0,43.0,67.54964093531305
81.0,56.0,39.0,69.8506981865008
79.0,56.0,11.0,88.6372641371643
77.0,56.0,43.0,67.54964093531305
75.0,56.0,27.0,77.3037768451805
73.0,56.0,43.0,67.54964093531305
71.0,56.0,15.0,85.64489305551625
69.0,56.0,27.0,77.3037768451805
67.0,56.0,45.0,66.43185777044876
65.0,56.0,64.0,56.830515752147356
63.0,56.0,37.0,71.0346838997223
61.0,56.0,31.0,74.72482318540713
60.0,57.0,14.0,86.38271870456175
62.0,57.0,5.0,93.33586027273876
64.0,57.0,8.0,90.95450402759147
66.0,57.0,10.0,89.40264161764
68.0,57.0,8.0,90.95450402759147
70.0,57.0,55.0,61.15651924842625
72.0,57.0,27.0,77.3037768451805
74.0,57.0,54.0,61.66123523711983
76.0,57.0,46.0,65.88099883757137
78.0,57.0,5.0,93.33586027273876
80.0,57.0,62.0,57.75893129269237
82.0,57.0,27.0,77.3037768451805
84.0,57.0,50.0,63.730105124999994
86.0,57.0,35.0,72.24145541017124
88.0,57.0,19.0,82.76067128702596
90.0,57.0,43.0,67.54964093531305
92.0,57.0,145.0,31.49963390932376
94.0,57.0,265.0,17.66581804645373
96.0,57.0,359.0,13.011957736319012
98.0,57.0,148.0,30.91232063840235
100.0,57.0,22.0,80.6665253550015
102.0,57.0,52.0,62.68558578781204
104.0,57.0,26.0,77.96380545085714
106.0,57.0,12.0,87.87885252755477
108.0,57.0,32.0,74.09513740234262
110.0,57.0,32.0,74.09513740234262
112.0,57.0,35.0,72.24145541017124
114.0,57.0,9.0,90.17503736040335
116.0,57.0,19.0,82.76067128702596
118.0,57.0,6.0,92.53486214163408
120.0,57.0,20.0,82.05613280447999
119.0,58.0,10.0,89.40264161764
117.0,58.0,27.0,77.3037768451805
115.0,58.0,27.0,77.3037768451805
113.0,58.0,39.0,69.8506981865008
111.0,58.0,32.0,74.09513740234262
109.0,58.0,77.0,51.226557959833585
107.0,58.0,57.0,60.16179992535716
105.0,58.0,37.0,71.0346838997223
103.0,58.0,57.0,60.16179992535716
101.0,58.0,40.0,69.26713678336
99.0,58.0,37.0,71.0346838997223
97.0,58.0,144.0,31.6995803789787
95.0,58.0,284.0,16.52426062314636
93.0,58.0,227.0,20.502868478152894
91.0,58.0,207.0,22.419610144684444
89.0,58.0,158.0,29.083694077772268
87.0,58.0,19.0,82.76067128702596
85.0,58.0,43.0,67.54964093531305
83.0,58.0,39.0,69.8506981865008
81.0,58.0,31.0,74.72482318540713
79.0,58.0,54.0,61.66123523711983
77.0,58.0,9.0,90.17503736040335
75.0,58.0,46.0,65.88099883757137
73.0,58.0,60.0,58.70589196864
71.0,58.0,60.0,58.70589196864
69.0,58.0,77.0,51.226557959833585
67.0,58.0,55.0,61.15651924842625
65.0,58.0,13.0,87.1273546673948
63.0,58.0,5.0,93.33586027273876
61.0,58.0,8.0,90.95450402759147
60.0,59.0,7.0,91.74109455276806
62.0,59.0,7.0,91.74109455276806
64.0,59.0,5.0,93.33586027273876
66.0,59.0,6.0,92.53486214163408
68.0,59.0,5.0,93.33586027273876
70.0,59.0,39.0,69.8506981865008
72.0,59.0,26.0,77.96380545085714
74.0,59.0,31.0,74.72482318540713
76.0,59.0,39.0,69.8506981865008
78.0,59.0,3.0,94.95976344436657
80.0,59.0,42.0,68.11665263391413
82.0,59.0,77.0,51.226557959833585
84.0,59.0,39.0,69.8506981865008
86.0,59.0,23.0,79.9813572042446
88.0,59.0,36.0,71.63519866057585
90.0,59.0,183.0,25.26913977623533
92.0,59.0,248.0,18.82772368933356
94.0,59.0,237.0,19.667689295702715
96.0,59.0,263.0,17.794930228720276
98.0,59.0,292.0,16.083699820882117
100.0,59.0,112.0,39.35127094078997
102.0,59.0,24.0,79.30254708437646
104.0,59.0,7.0,91.74109455276806
106.0,59.0,31.0,74.72482318540713
108.0,59.0,31.0,74.72482318540713
110.0,59.0,35.0,72.24145541017124
112.0,59.0,23.0,79.9813572042446
114.0,59.0,6.0,92.53486214163408
116.0,59.0,7.0,91.74109455276806
118.0,59.0,39.0,69.8506981865008
120.0,59.0,8.0,90.95450402759147
119.0,60.0,6.0,92.53486214163408
117.0,60.0,13.0,87.1273546673948
115.0,60.0,24.0,79.30254708437646
113.0,60.0,53.0,62.170910275883664
111.0,60.0,54.0,61.66123523711983
109.0,60.0,36.0,71.63519866057585
107.0,60.0,9.0,90.17503736040335
105.0,60.0,35.0,72.24145541017124
103.0,60.0,10.0,89.40264161764
101.0,60.0,9.0,90.17503736040335
99.0,60.0,66.0,55.9203319278888
97.0,60.0,254.0,18.400234997638226
95.0,60.0,254.0,18.400234997638226
93.0,60.0,221.0,21.040933894233735
91.0,60.0,214.0,21.70747254738414
89.0,60.0,179.0,25.814954438575086
87.0,60.0,93.0,45.266422907182154
85.0,60.0,8.0,90.95450402759147
83.0,60.0,7.0,91.74109455276806
81.0,60.0,46.0,65.88099883757137
79.0,60.0,54.0,61.66123523711983
77.0,60.0,36.0,71.63519866057585
75.0,60.0,75.0,52.04190473828125
73.0,60.0,71.0,53.722612794222414
71.0,60.0,43.0,67.54964093531305
69.0,60.0,24.0,79.30254708437646
67.0,60.0,18.0,83.47176616953098
65.0,60.0,3.0,94.95976344436657
63.0,60.0,5.0,93.33586027273876
61.0,60.0,5.0,93.33586027273876
60.0,61.0,7.0,91.74109455276806
62.0,61.0,2.0,95.78277681262644
64.0,61.0,5.0,93.33586027273876
66.0,61.0,5.0,93.33586027273876
68.0,61.0,5.0,93.33586027273876
70.0,61.0,39.0,69.8506981865008
72.0,61.0,39.0,69.8506981865008
74.0,61.0,43.0,67.54964093531305
76.0,61.0,39.0,69.8506981865008
78.0,61.0,5.0,93.33586027273876
80.0,61.0,4.0,94.14414269819022
82.0,61.0,14.0,86.38271870456175
84.0,61.0,64.0,56.830515752147356
86.0,61.0,41.0,68.68913646599376
88.0,61.0,117.0,37.97953937230327
90.0,61.0,220.0,21.133516708480013
92.0,61.0,224.0,20.76823180870289
94.0,61.0,234.0,19.910622728568786
96.0,61.0,228.0,20.41599469135853
98.0,61.0,274.0,17.1069026939845
100.0,61.0,261.0,17.925940776629805
102.0,61.0,62.0,57.75893129269237
104.0,61.0,6.0,92.53486214163408
106.0,61.0,5.0,93.33586027273876
108.0,61.0,6.0,92.53486214163408
110.0,61.0,5.0,93.33586027273876
112.0,61.0,10.0,89.40264161764
114.0,61.0,5.0,93.33586027273876
116.0,61.0,6.0,92.53486214163408
118.0,61.0,5.0,93.33586027273876
120.0,61.0,2.0,95.78277681262644
119.0,62.0,5.0,93.33586027273876
117.0,62.0,79.0,50.427495265920875
115.0,62.0,64.0,56.830515752147356
113.0,62.0,69.0,54.58856419764705
111.0,62.0,11.0,88.6372641371643
109.0,62.0,7.0,91.74109455276806
107.0,62.0,6.0,92.53486214163408
105.0,62.0,8.0,90.95450402759147
103.0,62.0,15.0,85.64489305551625
101.0,62.0,66.0,55.9203319278888
99.0,62.0,164.0,28.07547021555855
97.0,62.0,291.0,16.13762580491929
95.0,62.0,235.0,19.82894531792128
93.0,62.0,226.0,20.590525523183523
91.0,62.0,221.0,21.040933894233735
89.0,62.0,219.0,21.22695929779035
87.0,62.0,146.0,31.30179001383056
85.0,62.0,11.0,88.6372641371643
83.0,62.0,58.0,59.67171493914508
81.0,62.0,51.0,63.20530343614917
79.0,62.0,27.0,77.3037768451805
77.0,62.0,19.0,82.76067128702596
75.0,62.0,14.0,86.38271870456175
73.0,62.0,63.0,57.29242505657988
71.0,62.0,46.0,65.88099883757137
69.0,62.0,37.0,71.0346838997223
67.0,62.0,15.0,85.64489305551625
65.0,62.0,5.0,93.33586027273876
63.0,62.0,5.0,93.33586027273876
61.0,62.0,1.0,96.6132373800201
60.0,63.0,5.0,93.33586027273876
62.0,63.0,6.0,92.53486214163408
64.0,63.0,5.0,93.33586027273876
66.0,63.0,1.0,96.6132373800201
68.0,63.0,4.0,94.14414269819022
70.0,63.0,35.0,72.24145541017124
72.0,63.0,31.0,74.72482318540713
74.0,63.0,45.0,66.43185777044876
76.0,63.0,52.0,62.68558578781204
78.0,63.0,24.0,79.30254708437646
80.0,63.0,40.0,69.26713678336
82.0,63.0,67.0,55.471979982962175
84.0,63.0,84.0,48.49921263251599
86.0,63.0,63.0,57.29242505657988
88.0,63.0,131.0,34.50071834954934
90.0,63.0,221.0,21.040933894233735
92.0,63.0,226.0,20.590525523183523
94.0,63.0,227.0,20.502868478152894
96.0,63.0,230.0,20.24455517052
98.0,63.0,235.0,19.82894531792128
100.0,63.0,302.0,15.560955642140026
102.0,63.0,105.0,41.39613215161374
104.0,63.0,27.0,77.3037768451805
106.0,63.0,27.0,77.3037768451805
108.0,63.0,56.0,60.65672112614769
110.0,63.0,38.0,70.43986552529485
112.0,63.0,23.0,79.9813572042446
114.0,63.0,4.0,94.14414269819022
116.0,63.0,20.0,82.05613280447999
118.0,63.0,39.0,69.8506981865008
120.0,63.0,30.0,75.36048276652001
119.0,64.0,5.0,93.33586027273876
117.0,64.0,20.0,82.05613280447999
115.0,64.0,18.0,83.47176616953098
113.0,64.0,40.0,69.26713678336
111.0,64.0,48.0,64.79512944923115
109.0,64.0,31.0,74.72482318540713
107.0,64.0,39.0,69.8506981865008
105.0,64.0,27.0,77.3037768451805
103.0,64.0,36.0,71.63519866057585
101.0,64.0,85.0,48.12516846335874
99.0,64.0,214.0,21.70747254738414
97.0,64.0,268.0,17.475592434739003
95.0,64.0,238.0,19.588091687605235
93.0,64.0,224.0,20.76823180870289
91.0,64.0,230.0,20.24455517052
89.0,64.0,248.0,18.82772368933356
87.0,64.0,305.0,15.409617039363733
85.0,64.0,111.0,39.63433304369049
83.0,64.0,67.0,55.471979982962175
81.0,64.0,46.0,65.88099883757137
79.0,64.0,15.0,85.64489305551625
77.0,64.0,6.0,92.53486214163408
75.0,64.0,51.0,63.20530343614917
73.0,64.0,13.0,87.1273546673948
71.0,64.0,35.0,72.24145541017124
69.0,64.0,35.0,72.24145541017124
67.0,64.0,36.0,71.63519866057585
65.0,64.0,4.0,94.14414269819022
63.0,64.0,5.0,93.33586027273876
61.0,64.0,5.0,93.33586027273876
60.0,65.0,16.0,84.91382640459119
62.0,65.0,4.0,94.14414269819022
64.0,65.0,4.0,94.14414269819022
66.0,65.0,5.0,93.33586027273876
68.0,65.0,1.0,96.6132373800201
70.0,65.0,28.0,76.64991208492013
72.0,65.0,68.0,55.0280701180926
74.0,65.0,68.0,55.0280701180926
76.0,65.0,43.0,67.54964093531305
78.0,65.0,8.0,90.95450402759147
80.0,65.0,10.0,89.40264161764
82.0,65.0,29.0,76.00216327206377
84.0,65.0,45.0,66.43185777044876
86.0,65.0,93.0,45.266422907182154
88.0,65.0,209.0,22.21124427910376
90.0,65.0,225.0,20.67897640234376
92.0,65.0,230.0,20.24455517052
94.0,65.0,217.0,21.416469567965475
96.0,65.0,230.0,20.24455517052
98.0,65.0,235.0,19.82894531792128
100.0,65.0,265.0,17.66581804645373
102.0,65.0,214.0,21.70747254738414
104.0,65.0,39.0,69.8506981865008
106.0,65.0,39.0,69.8506981865008
108.0,65.0,18.0,83.47176616953098
110.0,65.0,52.0,62.68558578781204
112.0,65.0,83.0,48.87708130289312
114.0,65.0,31.0,74.72482318540713
116.0,65.0,32.0,74.09513740234262
118.0,65.0,19.0,82.76067128702596
120.0,65.0,22.0,80.6665253550015
119.0,66.0,8.0,90.95450402759147
117.0,66.0,24.0,79.30254708437646
115.0,66.0,12.0,87.87885252755477
113.0,66.0,40.0,69.26713678336
111.0,66.0,39.0,69.8506981865008
109.0,66.0,31.0,74.72482318540713
107.0,66.0,27.0,77.3037768451805
105.0,66.0,44.0,66.9880572663515
103.0,66.0,65.0,56.37316431870375
101.0,66.0,162.0,28.404510133847552
99.0,66.0,292.0,16.083699820882117
97.0,66.0,242.0,19.276354079168517
95.0,66.0,274.0,17.1069026939845
93.0,66.0,262.0,17.860194802842777
91.0,66.0,297.0,15.818679389308024
89.0,66.0,245.0,19.04928403819874
87.0,66.0,233.0,19.99301258741642
85.0,66.0,165.0,27.913519847578744
83.0,66.0,50.0,63.730105124999994
81.0,66.0,43.0,67.54964093531305
79.0,66.0,5.0,93.33586027273876
77.0,66.0,5.0,93.33586027273876
75.0,66.0,58.0,59.67171493914508
73.0,66.0,46.0,65.88099883757137
71.0,66.0,39.0,69.8506981865008
69.0,66.0,39.0,69.8506981865008
67.0,66.0,23.0,79.9813572042446
65.0,66.0,5.0,93.33586027273876
63.0,66.0,4.0,94.14414269819022
61.0,66.0,4.0,94.14414269819022
60.0,67.0,7.0,91.74109455276806
62.0,67.0,5.0,93.33586027273876
64.0,67.0,36.0,71.63519866057585
66.0,67.0,40.0,69.26713678336
68.0,67.0,59.0,59.18642569790845
70.0,67.0,47.0,65.33543710352254
72.0,67.0,47.0,65.33543710352254
74.0,67.0,40.0,69.26713678336
76.0,67.0,51.0,63.20530343614917
78.0,67.0,6.0,92.53486214163408
80.0,67.0,5.0,93.33586027273876
82.0,67.0,102.0,42.319133905557635
84.0,67.0,64.0,56.830515752147356
86.0,67.0,179.0,25.814954438575086
88.0,67.0,226.0,20.590525523183523
90.0,67.0,235.0,19.82894531792128
92.0,67.0,258.0,18.12613678375951
94.0,67.0,170.0,27.128701317479983
96.0,67.0,225.0,20.67897640234376
98.0,67.0,235.0,19.82894531792128
100.0,67.0,245.0,19.04928403819874
102.0,67.0,320.0,14.686336020480006
104.0,67.0,208.0,22.31492474884586
106.0,67.0,69.0,54.58856419764705
108.0,67.0,57.0,60.16179992535716
110.0,67.0,48.0,64.79512944923115
112.0,67.0,32.0,74.09513740234262
114.0,67.0,52.0,62.68558578781204
116.0,67.0,16.0,84.91382640459119
118.0,67.0,36.0,71.63519866057585
120.0,67.0,15.0,85.64489305551625
119.0,68.0,8.0,90.95450402759147
117.0,68.0,9.0,90.17503736040335
115.0,68.0,31.0,74.72482318540713
113.0,68.0,19.0,82.76067128702596
111.0,68.0,50.0,63.730105124999994
109.0,68.0,36.0,71.63519866057585
107.0,68.0,40.0,69.26713678336
105.0,68.0,35.0,72.24145541017124
103.0,68.0,70.0,54.153424315479995
101.0,68.0,376.0,12.353282588788382
99.0,68.0,345.0,13.583954757073801
97.0,68.0,271.0,17.289343211610834
95.0,68.0,246.0,18.974829748169768
93.0,68.0,164.0,28.07547021555855
91.0,68.0,300.0,15.66320200000002
89.0,68.0,247.0,18.900979092430955
87.0,68.0,247.0,18.900979092430955
85.0,68.0,219.0,21.22695929779035
83.0,68.0,82.0,49.258809023624195
81.0,68.0,46.0,65.88099883757137
79.0,68.0,5.0,93.33586027273876
77.0,68.0,4.0,94.14414269819022
75.0,68.0,5.0,93.33586027273876
73.0,68.0,46.0,65.88099883757137
71.0,68.0,35.0,72.24145541017124
69.0,68.0,31.0,74.72482318540713
67.0,68.0,35.0,72.24145541017124
65.0,68.0,9.0,90.17503736040335
63.0,68.0,28.0,76.64991208492013
61.0,68.0,39.0,69.8506981865008
60.0,69.0,15.0,85.64489305551625
62.0,69.0,5.0,93.33586027273876
64.0,69.0,22.0,80.6665253550015
66.0,69.0,17.0,84.18946770328108
68.0,69.0,7.0,91.74109455276806
70.0,69.0,28.0,76.64991208492013
72.0,69.0,43.0,67.54964093531305
74.0,69.0,24.0,79.30254708437646
76.0,69.0,46.0,65.88099883757137
78.0,69.0,4.0,94.14414269819022
80.0,69.0,5.0,93.33586027273876
82.0,69.0,35.0,72.24145541017124
84.0,69.0,73.0,52.87382526457771
86.0,69.0,211.0,22.006847071896686
88.0,69.0,241.0,19.35330879269415
90.0,69.0,243.0,19.200037563229472
92.0,69.0,310.0,15.162559023640018
94.0,69.0,174.0,26.529651203101288
96.0,69.0,244.0,19.124350447125924
98.0,69.0,279.0,16.810865311149257
100.0,69.0,262.0,17.860194802842777
102.0,69.0,306.0,15.359697605515656
104.0,69.0,276.0,16.98731195206513
106.0,69.0,59.0,59.18642569790845
108.0,69.0,40.0,69.26713678336
110.0,69.0,47.0,65.33543710352254
112.0,69.0,42.0,68.11665263391413
114.0,69.0,16.0,84.91382640459119
116.0,69.0,16.0,84.91382640459119
118.0,69.0,39.0,69.8506981865008
120.0,69.0,23.0,79.9813572042446
119.0,70.0,7.0,91.74109455276806
117.0,70.0,8.0,90.95450402759147
115.0,70.0,28.0,76.64991208492013
113.0,70.0,19.0,82.76067128702596
111.0,70.0,56.0,60.65672112614769
109.0,70.0,42.0,68.11665263391413
107.0,70.0,91.0,45.95931061533886
105.0,70.0,74.0,52.45577503893807
103.0,70.0,120.0,37.190354836480005
101.0,70.0,326.0,14.411041641266703
99.0,70.0,247.0,18.900979092430955
97.0,70.0,241.0,19.35330879269415
95.0,70.0,197.0,23.52464352241384
93.0,70.0,86.0,47.754914464401445
91.0,70.0,203.0,22.84866142927495
89.0,70.0,268.0,17.475592434739003
87.0,70.0,250.0,18.682965624999987
85.0,70.0,239.0,19.509168533233225
83.0,70.0,176.0,26.239329156621928
81.0,70.0,46.0,65.88099883757137
79.0,70.0,4.0,94.14414269819022
77.0,70.0,5.0,93.33586027273876
75.0,70.0,53.0,62.170910275883664
73.0,70.0,32.0,74.09513740234262
71.0,70.0,80.0,50.03398090752
69.0,70.0,87.0,47.38841652202742
67.0,70.0,53.0,62.170910275883664
65.0,70.0,18.0,83.47176616953098
63.0,70.0,16.0,84.91382640459119
61.0,70.0,8.0,90.95450402759147
60.0,71.0,5.0,93.33586027273876
62.0,71.0,5.0,93.33586027273876
64.0,71.0,1.0,96.6132373800201
66.0,71.0,5.0,93.33586027273876
68.0,71.0,5.0,93.33586027273876
70.0,71.0,27.0,77.3037768451805
72.0,71.0,20.0,82.05613280447999
74.0,71.0,43.0,67.54964093531305
76.0,71.0,39.0,69.8506981865008
78.0,71.0,5.0,93.33586027273876
80.0,71.0,4.0,94.14414269819022
82.0,71.0,8.0,90.95450402759147
84.0,71.0,166.0,27.753256906643994
86.0,71.0,226.0,20.590525523183523
88.0,71.0,282.0,16.637813486350602
90.0,71.0,365.0,12.775274315328772
92.0,71.0,313.0,15.01727636060533
94.0,71.0,79.0,50.427495265920875
96.0,71.0,123.0,36.42565571485079
98.0,71.0,239.0,19.509168533233225
100.0,71.0,244.0,19.124350447125924
102.0,71.0,250.0,18.682965624999987
104.0,71.0,316.0,14.874100775176814
106.0,71.0,139.0,32.731646570707
108.0,71.0,36.0,71.63519866057585
110.0,71.0,35.0,72.24145541017124
112.0,71.0,43.0,67.54964093531305
114.0,71.0,23.0,79.9813572042446
116.0,71.0,39.0,69.8506981865008
118.0,71.0,27.0,77.3037768451805
120.0,71.0,4.0,94.14414269819022
119.0,72.0,8.0,90.95450402759147
117.0,72.0,13.0,87.1273546673948
115.0,72.0,24.0,79.30254708437646
113.0,72.0,100.0,42.950613999999995
111.0,72.0,65.0,56.37316431870375
109.0,72.0,59.0,59.18642569790845
107.0,72.0,27.0,77.3037768451805
105.0,72.0,92.0,45.611088810987724
103.0,72.0,298.0,15.766567267959202
101.0,72.0,285.0,16.468013251108772
99.0,72.0,243.0,19.200037563229472
97.0,72.0,229.0,20.3298937033722
95.0,72.0,145.0,31.49963390932376
93.0,72.0,49.0,64.26003300004103
91.0,72.0,114.0,38.79394746981296
89.0,72.0,310.0,15.162559023640018
87.0,72.0,241.0,19.35330879269415
85.0,72.0,239.0,19.509168533233225
83.0,72.0,203.0,22.84866142927495
81.0,72.0,136.0,33.37758723214704
79.0,72.0,28.0,76.64991208492013
77.0,72.0,39.0,69.8506981865008
75.0,72.0,49.0,64.26003300004103
73.0,72.0,57.0,60.16179992535716
71.0,72.0,50.0,63.730105124999994
69.0,72.0,58.0,59.67171493914508
67.0,72.0,45.0,66.43185777044876
65.0,72.0,17.0,84.18946770328108
63.0,72.0,5.0,93.33586027273876
61.0,72.0,5.0,93.33586027273876
60.0,73.0,5.0,93.33586027273876
62.0,73.0,36.0,71.63519866057585
64.0,73.0,66.0,55.9203319278888
66.0,73.0,4.0,94.14414269819022
68.0,73.0,5.0,93.33586027273876
70.0,73.0,5.0,93.33586027273876
72.0,73.0,5.0,93.33586027273876
74.0,73.0,35.0,72.24145541017124
76.0,73.0,27.0,77.3037768451805
78.0,73.0,5.0,93.33586027273876
80.0,73.0,23.0,79.9813572042446
82.0,73.0,125.0,35.92910185546874
84.0,73.0,241.0,19.35330879269415
86.0,73.0,259.0,18.058904705728857
88.0,73.0,260.0,17.992175072639995
90.0,73.0,313.0,15.01727636060533
92.0,73.0,120.0,37.190354836480005
94.0,73.0,35.0,72.24145541017124
96.0,73.0,66.0,55.9203319278888
98.0,73.0,174.0,26.529651203101288
100.0,73.0,243.0,19.200037563229472
102.0,73.0,245.0,19.04928403819874
104.0,73.0,288.0,16.30132764578279
106.0,73.0,210.0,22.108555941639995
108.0,73.0,90.0,46.31112114436
110.0,73.0,44.0,66.9880572663515
112.0,73.0,70.0,54.153424315479995
114.0,73.0,27.0,77.3037768451805
116.0,73.0,38.0,70.43986552529485
118.0,73.0,40.0,69.26713678336
120.0,73.0,63.0,57.29242505657988
119.0,74.0,9.0,90.17503736040335
117.0,74.0,41.0,68.68913646599376
115.0,74.0,65.0,56.37316431870375
113.0,74.0,55.0,61.15651924842625
111.0,74.0,77.0,51.226557959833585
109.0,74.0,55.0,61.15651924842625
107.0,74.0,28.0,76.64991208492013
105.0,74.0,176.0,26.239329156621928
103.0,74.0,321.0,14.639935576007908
101.0,74.0,250.0,18.682965624999987
99.0,74.0,246.0,18.974829748169768
97.0,74.0,215.0,21.609557463266242
95.0,74.0,30.0,75.36048276652001
93.0,74.0,31.0,74.72482318540713
91.0,74.0,75.0,52.04190473828125
89.0,74.0,172.0,26.826061007790283
87.0,74.0,354.0,13.212953592777417
85.0,74.0,319.0,14.732949951452518
83.0,74.0,274.0,17.1069026939845
81.0,74.0,183.0,25.26913977623533
79.0,74.0,9.0,90.17503736040335
77.0,74.0,13.0,87.1273546673948
75.0,74.0,64.0,56.830515752147356
73.0,74.0,40.0,69.26713678336
71.0,74.0,55.0,61.15651924842625
69.0,74.0,23.0,79.9813572042446
67.0,74.0,54.0,61.66123523711983
65.0,74.0,4.0,94.14414269819022
63.0,74.0,4.0,94.14414269819022
61.0,74.0,5.0,93.33586027273876
60.0,75.0,63.0,57.29242505657988
62.0,75.0,34.0,72.85350000305839
64.0,75.0,43.0,67.54964093531305
66.0,75.0,46.0,65.88099883757137
68.0,75.0,5.0,93.33586027273876
70.0,75.0,4.0,94.14414269819022
72.0,75.0,28.0,76.64991208492013
74.0,75.0,74.0,52.45577503893807
76.0,75.0,47.0,65.33543710352254
78.0,75.0,13.0,87.1273546673948
80.0,75.0,10.0,89.40264161764
82.0,75.0,155.0,29.612176807301257
84.0,75.0,237.0,19.667689295702715
86.0,75.0,244.0,19.124350447125924
88.0,75.0,293.0,16.03008695205854
90.0,75.0,344.0,13.625946894793135
92.0,75.0,102.0,42.319133905557635
94.0,75.0,43.0,67.54964093531305
96.0,75.0,19.0,82.76067128702596
98.0,75.0,149.0,30.720650939399228
100.0,75.0,233.0,19.99301258741642
102.0,75.0,257.0,18.193878508313553
104.0,75.0,276.0,16.98731195206513
106.0,75.0,335.0,14.011300966796291
108.0,75.0,115.0,38.51962927439125
110.0,75.0,96.0,44.253435539940966
112.0,75.0,51.0,63.20530343614917
114.0,75.0,43.0,67.54964093531305
116.0,75.0,67.0,55.471979982962175
118.0,75.0,66.0,55.9203319278888
120.0,75.0,78.0,50.82500906656971
119.0,76.0,7.0,91.74109455276806
117.0,76.0,7.0,91.74109455276806
115.0,76.0,6.0,92.53486214163408
113.0,76.0,77.0,51.226557959833585
111.0,76.0,57.0,60.16179992535716
109.0,76.0,16.0,84.91382640459119
107.0,76.0,85.0,48.12516846335874
105.0,76.0,254.0,18.400234997638226
103.0,76.0,276.0,16.98731195206513
101.0,76.0,250.0,18.682965624999987
99.0,76.0,242.0,19.276354079168517
97.0,76.0,186.0,24.874210521812667
95.0,76.0,92.0,45.611088810987724
93.0,76.0,127.0,35.442898675546694
91.0,76.0,130.0,34.73254888851999
89.0,76.0,281.0,16.695129197912657
87.0,76.0,341.0,13.752891065364366
85.0,76.0,260.0,17.992175072639995
83.0,76.0,240.0,19.43091060736001
81.0,76.0,208.0,22.31492474884586
79.0,76.0,5.0,93.33586027273876
77.0,76.0,5.0,93.33586027273876
75.0,76.0,43.0,67.54964093531305
73.0,76.0,39.0,69.8506981865008
71.0,76.0,40.0,69.26713678336
69.0,76.0,46.0,65.88099883757137
67.0,76.0,62.0,57.75893129269237
65.0,76.0,4.0,94.14414269819022
63.0,76.0,4.0,94.14414269819022
61.0,76.0,10.0,89.40264161764
60.0,77.0,32.0,74.09513740234262
62.0,77.0,53.0,62.170910275883664
64.0,77.0,77.0,51.226557959833585
66.0,77.0,118.0,37.7137120168942
68.0,77.0,98.0,43.59529788209675
70.0,77.0,10.0,89.40264161764
72.0,77.0,10.0,89.40264161764
74.0,77.0,38.0,70.43986552529485
76.0,77.0,55.0,61.15651924842625
78.0,77.0,6.0,92.53486214163408
80.0,77.0,5.0,93.33586027273876
82.0,77.0,166.0,27.753256906643994
84.0,77.0,243.0,19.200037563229472
86.0,77.0,249.0,18.755055259477402
88.0,77.0,295.0,15.923782973886278
90.0,77.0,246.0,18.974829748169768
92.0,77.0,245.0,19.04928403819874
94.0,77.0,241.0,19.35330879269415
96.0,77.0,225.0,20.67897640234376
98.0,77.0,216.0,21.512560438101627
100.0,77.0,218.0,21.321273073217387
102.0,77.0,320.0,14.686336020480006
104.0,77.0,307.0,15.310035562202678
106.0,77.0,347.0,13.500443870045224
108.0,77.0,264.0,17.73014022328976
110.0,77.0,42.0,68.11665263391413
112.0,77.0,6.0,92.53486214163408
114.0,77.0,28.0,76.64991208492013
116.0,77.0,4.0,94.14414269819022
118.0,77.0,5.0,93.33586027273876
120.0,77.0,106.0,41.09480164378128
119.0,78.0,139.0,32.731646570707
117.0,78.0,142.0,32.10587139622131
115.0,78.0,126.0,35.68471945438032
113.0,78.0,7.0,91.74109455276806
111.0,78.0,41.0,68.68913646599376
109.0,78.0,36.0,71.63519866057585
107.0,78.0,110.0,39.920366939640004
105.0,78.0,342.0,13.710413258755803
103.0,78.0,359.0,13.011957736319012
101.0,78.0,287.0,16.35655164584786
99.0,78.0,269.0,17.41307596393147
97.0,78.0,255.0,18.330920176176264
95.0,78.0,257.0,18.193878508313553
93.0,78.0,253.0,18.47008922335206
91.0,78.0,255.0,18.330920176176264
89.0,78.0,251.0,18.61144670886559
87.0,78.0,262.0,17.860194802842777
85.0,78.0,257.0,18.193878508313553
83.0,78.0,242.0,19.276354079168517
81.0,78.0,239.0,19.509168533233225
79.0,78.0,151.0,30.343332266867368
77.0,78.0,4.0,94.14414269819022
75.0,78.0,62.0,57.75893129269237
73.0,78.0,43.0,67.54964093531305
71.0,78.0,77.0,51.226557959833585
69.0,78.0,41.0,68.68913646599376
67.0,78.0,116.0,38.24816921590641
65.0,78.0,79.0,50.427495265920875
63.0,78.0,20.0,82.05613280447999
61.0,78.0,15.0,85.64489305551625
60.0,79.0,23.0,79.9813572042446
62.0,79.0,5.0,93.33586027273876
64.0,79.0,15.0,85.64489305551625
66.0,79.0,58.0,59.67171493914508
68.0,79.0,5.0,93.33586027273876
70.0,79.0,1.0,96.6132373800201
72.0,79.0,7.0,91.74109455276806
74.0,79.0,23.0,79.9813572042446
76.0,79.0,50.0,63.730105124999994
78.0,79.0,4.0,94.14414269819022
80.0,79.0,62.0,57.75893129269237
82.0,79.0,230.0,20.24455517052
84.0,79.0,242.0,19.276354079168517
86.0,79.0,247.0,18.900979092430955
88.0,79.0,249.0,18.755055259477402
90.0,79.0,250.0,18.682965624999987
92.0,79.0,306.0,15.359697605515656
94.0,79.0,321.0,14.639935576007908
96.0,79.0,285.0,16.468013251108772
98.0,79.0,262.0,17.860194802842777
100.0,79.0,251.0,18.61144670886559
102.0,79.0,251.0,18.61144670886559
104.0,79.0,250.0,18.682965624999987
106.0,79.0,276.0,16.98731195206513
108.0,79.0,302.0,15.560955642140026
110.0,79.0,103.0,42.00826806254076
112.0,79.0,16.0,84.91382640459119
114.0,79.0,16.0,84.91382640459119
116.0,79.0,23.0,79.9813572042446
118.0,79.0,9.0,90.17503736040335
120.0,79.0,7.0,91.74109455276806
119.0,80.0,6.0,92.53486214163408
117.0,80.0,7.0,91.74109455276806
115.0,80.0,17.0,84.18946770328108
113.0,80.0,12.0,87.87885252755477
111.0,80.0,66.0,55.9203319278888
109.0,80.0,101.0,42.633238974098276
107.0,80.0,190.0,24.366053506360018
105.0,80.0,313.0,15.01727636060533
103.0,80.0,255.0,18.330920176176264
101.0,80.0,253.0,18.47008922335206
99.0,80.0,255.0,18.330920176176264
97.0,80.0,251.0,18.61144670886559
95.0,80.0,255.0,18.330920176176264
93.0,80.0,249.0,18.755055259477402
91.0,80.0,250.0,18.682965624999987
89.0,80.0,250.0,18.682965624999987
87.0,80.0,250.0,18.682965624999987
85.0,80.0,246.0,18.974829748169768
83.0,80.0,245.0,19.04928403819874
81.0,80.0,256.0,18.26213717540209
79.0,80.0,179.0,25.814954438575086
77.0,80.0,48.0,64.79512944923115
75.0,80.0,95.0,44.58762856613625
73.0,80.0,71.0,53.722612794222414
71.0,80.0,58.0,59.67171493914508
69.0,80.0,59.0,59.18642569790845
67.0,80.0,86.0,47.754914464401445
65.0,80.0,6.0,92.53486214163408
63.0,80.0,5.0,93.33586027273876
61.0,80.0,5.0,93.33586027273876
60.0,81.0,3.0,94.95976344436657
62.0,81.0,5.0,93.33586027273876
64.0,81.0,15.0,85.64489305551625
66.0,81.0,102.0,42.319133905557635
68.0,81.0,34.0,72.85350000305839
70.0,81.0,4.0,94.14414269819022
72.0,81.0,15.0,85.64489305551625
74.0,81.0,27.0,77.3037768451805
76.0,81.0,31.0,74.72482318540713
78.0,81.0,11.0,88.6372641371643
80.0,81.0,198.0,23.40917626014797
82.0,81.0,294.0,15.976782784519559
84.0,81.0,319.0,14.732949951452518
86.0,81.0,280.0,16.752811371520004
88.0,81.0,270.0,17.350994959480012
90.0,81.0,258.0,18.12613678375951
92.0,81.0,259.0,18.058904705728857
94.0,81.0,260.0,17.992175072639995
96.0,81.0,255.0,18.330920176176264
98.0,81.0,255.0,18.330920176176264
100.0,81.0,253.0,18.47008922335206
102.0,81.0,254.0,18.400234997638226
104.0,81.0,250.0,18.682965624999987
106.0,81.0,253.0,18.47008922335206
108.0,81.0,309.0,15.211469687133945
110.0,81.0,149.0,30.720650939399228
112.0,81.0,7.0,91.74109455276806
114.0,81.0,22.0,80.6665253550015
116.0,81.0,16.0,84.91382640459119
118.0,81.0,12.0,87.87885252755477
120.0,81.0,35.0,72.24145541017124
119.0,82.0,6.0,92.53486214163408
117.0,82.0,25.0,78.63004605859375
115.0,82.0,47.0,65.33543710352254
113.0,82.0,43.0,67.54964093531305
111.0,82.0,34.0,72.85350000305839
109.0,82.0,64.0,56.830515752147356
107.0,82.0,341.0,13.752891065364366
105.0,82.0,274.0,17.1069026939845
103.0,82.0,254.0,18.400234997638226
101.0,82.0,249.0,18.755055259477402
99.0,82.0,254.0,18.400234997638226
97.0,82.0,254.0,18.400234997638226
95.0,82.0,254.0,18.400234997638226
93.0,82.0,254.0,18.400234997638226
91.0,82.0,249.0,18.755055259477402
89.0,82.0,251.0,18.61144670886559
87.0,82.0,280.0,16.752811371520004
85.0,82.0,327.0,14.365866388999098
83.0,82.0,291.0,16.13762580491929
81.0,82.0,266.0,17.601957048279207
79.0,82.0,245.0,19.04928403819874
77.0,82.0,103.0,42.00826806254076
75.0,82.0,33.0,73.47137854673201
73.0,82.0,45.0,66.43185777044876
71.0,82.0,28.0,76.64991208492013
69.0,82.0,43.0,67.54964093531305
67.0,82.0,55.0,61.15651924842625
65.0,82.0,4.0,94.14414269819022
63.0,82.0,5.0,93.33586027273876
61.0,82.0,4.0,94.14414269819022
60.0,83.0,24.0,79.30254708437646
62.0,83.0,26.0,77.96380545085714
64.0,83.0,43.0,67.54964093531305
66.0,83.0,12.0,87.87885252755477
68.0,83.0,4.0,94.14414269819022
70.0,83.0,4.0,94.14414269819022
72.0,83.0,36.0,71.63519866057585
74.0,83.0,83.0,48.87708130289312
76.0,83.0,30.0,75.36048276652001
78.0,83.0,33.0,73.47137854673201
80.0,83.0,223.0,20.858302553217012
82.0,83.0,250.0,18.682965624999987
84.0,83.0,261.0,17.925940776629805
86.0,83.0,261.0,17.925940776629805
88.0,83.0,245.0,19.04928403819874
90.0,83.0,247.0,18.900979092430955
92.0,83.0,245.0,19.04928403819874
94.0,83.0,246.0,18.974829748169768
96.0,83.0,250.0,18.682965624999987
98.0,83.0,250.0,18.682965624999987
100.0,83.0,250.0,18.682965624999987
102.0,83.0,249.0,18.755055259477402
104.0,83.0,247.0,18.900979092430955
106.0,83.0,254.0,18.400234997638226
108.0,83.0,279.0,16.810865311149257
110.0,83.0,449.0,9.845134177793923
112.0,83.0,109.0,40.20940153819353
114.0,83.0,35.0,72.24145541017124
116.0,83.0,20.0,82.05613280447999
118.0,83.0,48.0,64.79512944923115
120.0,83.0,49.0,64.26003300004103
119.0,84.0,4.0,94.14414269819022
117.0,84.0,5.0,93.33586027273876
115.0,84.0,5.0,93.33586027273876
113.0,84.0,55.0,61.15651924842625
111.0,84.0,39.0,69.8506981865008
109.0,84.0,234.0,19.910622728568786
107.0,84.0,325.0,14.456414699218787
105.0,84.0,265.0,17.66581804645373
103.0,84.0,246.0,18.974829748169768
101.0,84.0,221.0,21.040933894233735
99.0,84.0,249.0,18.755055259477402
97.0,84.0,271.0,17.289343211610834
95.0,84.0,302.0,15.560955642140026
93.0,84.0,262.0,17.860194802842777
91.0,84.0,240.0,19.43091060736001
89.0,84.0,237.0,19.667689295702715
87.0,84.0,240.0,19.43091060736001
85.0,84.0,233.0,19.99301258741642
83.0,84.0,271.0,17.289343211610834
81.0,84.0,248.0,18.82772368933356
79.0,84.0,238.0,19.588091687605235
77.0,84.0,181.0,25.53924339905042
75.0,84.0,46.0,65.88099883757137
73.0,84.0,23.0,79.9813572042446
71.0,84.0,46.0,65.88099883757137
69.0,84.0,53.0,62.170910275883664
67.0,84.0,90.0,46.31112114436
65.0,84.0,5.0,93.33586027273876
63.0,84.0,4.0,94.14414269819022
61.0,84.0,5.0,93.33586027273876
60.0,85.0,12.0,87.87885252755477
62.0,85.0,61.0,58.2300737542174
64.0,85.0,122.0,36.67787974150068
66.0,85.0,154.0,29.792083460419025
68.0,85.0,16.0,84.91382640459119
70.0,85.0,8.0,90.95450402759147
72.0,85.0,8.0,90.95450402759147
74.0,85.0,37.0,71.0346838997223
76.0,85.0,24.0,79.30254708437646
78.0,85.0,143.0,31.901651967791242
80.0,85.0,223.0,20.858302553217012
82.0,85.0,247.0,18.900979092430955
84.0,85.0,298.0,15.766567267959202
86.0,85.0,230.0,20.24455517052
88.0,85.0,195.0,23.75905562501125
90.0,85.0,170.0,27.128701317479983
92.0,85.0,183.0,25.26913977623533
94.0,85.0,134.0,33.81973397125359
96.0,85.0,126.0,35.68471945438032
98.0,85.0,196.0,23.641265177240165
100.0,85.0,256.0,18.26213717540209
102.0,85.0,235.0,19.82894531792128
104.0,85.0,256.0,18.26213717540209
106.0,85.0,260.0,17.992175072639995
108.0,85.0,262.0,17.860194802842777
110.0,85.0,322.0,14.593745882819118
112.0,85.0,139.0,32.731646570707
114.0,85.0,43.0,67.54964093531305
116.0,85.0,32.0,74.09513740234262
118.0,85.0,58.0,59.67171493914508
120.0,85.0,50.0,63.730105124999994
119.0,86.0,7.0,91.74109455276806
117.0,86.0,15.0,85.64489305551625
115.0,86.0,74.0,52.45577503893807
113.0,86.0,40.0,69.26713678336
111.0,86.0,41.0,68.68913646599376
109.0,86.0,277.0,16.928110099045963
107.0,86.0,293.0,16.03008695205854
105.0,86.0,340.0,13.795534399359962
103.0,86.0,289.0,16.246435126366336
101.0,86.0,154.0,29.792083460419025
99.0,86.0,88.0,47.025640739312436
97.0,86.0,81.0,49.64443056266823
95.0,86.0,80.0,50.03398090752
93.0,86.0,82.0,49.258809023624195
91.0,86.0,74.0,52.45577503893807
89.0,86.0,75.0,52.04190473828125
87.0,86.0,81.0,49.64443056266823
85.0,86.0,115.0,38.51962927439125
83.0,86.0,317.0,14.826829466267707
81.0,86.0,258.0,18.12613678375951
79.0,86.0,243.0,19.200037563229472
77.0,86.0,190.0,24.366053506360018
75.0,86.0,65.0,56.37316431870375
73.0,86.0,47.0,65.33543710352254
71.0,86.0,37.0,71.0346838997223
69.0,86.0,54.0,61.66123523711983
67.0,86.0,182.0,25.40349895546741
65.0,86.0,23.0,79.9813572042446
63.0,86.0,14.0,86.38271870456175
61.0,86.0,6.0,92.53486214163408
60.0,87.0,16.0,84.91382640459119
62.0,87.0,36.0,71.63519866057585
64.0,87.0,29.0,76.00216327206377
66.0,87.0,60.0,58.70589196864
68.0,87.0,47.0,65.33543710352254
70.0,87.0,5.0,93.33586027273876
72.0,87.0,27.0,77.3037768451805
74.0,87.0,9.0,90.17503736040335
76.0,87.0,11.0,88.6372641371643
78.0,87.0,178.0,25.954954587788922
80.0,87.0,241.0,19.35330879269415
82.0,87.0,253.0,18.47008922335206
84.0,87.0,332.0,14.142873106432202
86.0,87.0,114.0,38.79394746981296
88.0,87.0,97.0,43.922669234959635
90.0,87.0,100.0,42.950613999999995
92.0,87.0,92.0,45.611088810987724
94.0,87.0,95.0,44.58762856613625
96.0,87.0,73.0,52.87382526457771
98.0,87.0,62.0,57.75893129269237
100.0,87.0,101.0,42.633238974098276
102.0,87.0,71.0,53.722612794222414
104.0,87.0,197.0,23.52464352241384
106.0,87.0,254.0,18.400234997638226
108.0,87.0,255.0,18.330920176176264
110.0,87.0,311.0,15.11389208578289
112.0,87.0,261.0,17.925940776629805
114.0,87.0,62.0,57.75893129269237
116.0,87.0,27.0,77.3037768451805
118.0,87.0,54.0,61.66123523711983
120.0,87.0,50.0,63.730105124999994
119.0,88.0,10.0,89.40264161764
117.0,88.0,14.0,86.38271870456175
115.0,88.0,69.0,54.58856419764705
113.0,88.0,80.0,50.03398090752
111.0,88.0,93.0,45.266422907182154
109.0,88.0,330.0,14.231503212519979
107.0,88.0,271.0,17.289343211610834
105.0,88.0,255.0,18.330920176176264
103.0,88.0,221.0,21.040933894233735
101.0,88.0,24.0,79.30254708437646
99.0,88.0,55.0,61.15651924842625
97.0,88.0,78.0,50.82500906656971
95.0,88.0,66.0,55.9203319278888
93.0,88.0,80.0,50.03398090752
91.0,88.0,50.0,63.730105124999994
89.0,88.0,54.0,61.66123523711983
87.0,88.0,46.0,65.88099883757137
85.0,88.0,77.0,51.226557959833585
83.0,88.0,273.0,17.167303075310105
81.0,88.0,272.0,17.228114596449473
79.0,88.0,267.0,17.53855066828657
77.0,88.0,324.0,14.501988056946068
75.0,88.0,167.0,27.59466236830438
73.0,88.0,54.0,61.66123523711983
71.0,88.0,59.0,59.18642569790845
69.0,88.0,35.0,72.24145541017124
67.0,88.0,97.0,43.922669234959635
65.0,88.0,5.0,93.33586027273876
63.0,88.0,5.0,93.33586027273876
61.0,88.0,5.0,93.33586027273876
60.0,89.0,61.0,58.2300737542174
62.0,89.0,15.0,85.64489305551625
64.0,89.0,27.0,77.3037768451805
66.0,89.0,58.0,59.67171493914508
68.0,89.0,5.0,93.33586027273876
70.0,89.0,5.0,93.33586027273876
72.0,89.0,45.0,66.43185777044876
74.0,89.0,23.0,79.9813572042446
76.0,89.0,102.0,42.319133905557635
78.0,89.0,235.0,19.82894531792128
80.0,89.0,256.0,18.26213717540209
82.0,89.0,356.0,13.132132958749331
84.0,89.0,305.0,15.409617039363733
86.0,89.0,52.0,62.68558578781204
88.0,89.0,59.0,59.18642569790845
90.0,89.0,59.0,59.18642569790845
92.0,89.0,60.0,58.70589196864
94.0,89.0,67.0,55.471979982962175
96.0,89.0,70.0,54.153424315479995
98.0,89.0,54.0,61.66123523711983
100.0,89.0,64.0,56.830515752147356
102.0,89.0,83.0,48.87708130289312
104.0,89.0,150.0,30.530995375000003
106.0,89.0,240.0,19.43091060736001
108.0,89.0,251.0,18.61144670886559
110.0,89.0,267.0,17.53855066828657
112.0,89.0,327.0,14.365866388999098
114.0,89.0,39.0,69.8506981865008
116.0,89.0,24.0,79.30254708437646
118.0,89.0,60.0,58.70589196864
120.0,89.0,89.0,46.66655343531391
119.0,90.0,5.0,93.33586027273876
117.0,90.0,25.0,78.63004605859375
115.0,90.0,87.0,47.38841652202742
113.0,90.0,55.0,61.15651924842625
111.0,90.0,92.0,45.611088810987724
109.0,90.0,297.0,15.818679389308024
107.0,90.0,255.0,18.330920176176264
105.0,90.0,246.0,18.974829748169768
103.0,90.0,128.0,35.20361370685931
101.0,90.0,70.0,54.153424315479995
99.0,90.0,57.0,60.16179992535716
97.0,90.0,62.0,57.75893129269237
95.0,90.0,74.0,52.45577503893807
93.0,90.0,69.0,54.58856419764705
91.0,90.0,62.0,57.75893129269237
89.0,90.0,57.0,60.16179992535716
87.0,90.0,59.0,59.18642569790845
85.0,90.0,88.0,47.025640739312436
83.0,90.0,213.0,21.80631771937521
81.0,90.0,360.0,12.972175344640057
79.0,90.0,268.0,17.475592434739003
77.0,90.0,253.0,18.47008922335206
75.0,90.0,196.0,23.641265177240165
73.0,90.0,32.0,74.09513740234262
71.0,90.0,81.0,49.64443056266823
69.0,90.0,60.0,58.70589196864
67.0,90.0,66.0,55.9203319278888
65.0,90.0,5.0,93.33586027273876
63.0,90.0,4.0,94.14414269819022
61.0,90.0,5.0,93.33586027273876
60.0,91.0,16.0,84.91382640459119
62.0,91.0,41.0,68.68913646599376
64.0,91.0,55.0,61.15651924842625
66.0,91.0,5.0,93.33586027273876
68.0,91.0,39.0,69.8506981865008
70.0,91.0,58.0,59.67171493914508
72.0,91.0,80.0,50.03398090752
74.0,91.0,135.0,33.597492599046255
76.0,91.0,217.0,21.416469567965475
78.0,91.0,262.0,17.860194802842777
80.0,91.0,269.0,17.41307596393147
82.0,91.0,297.0,15.818679389308024
84.0,91.0,172.0,26.826061007790283
86.0,91.0,23.0,79.9813572042446
88.0,91.0,40.0,69.26713678336
90.0,91.0,58.0,59.67171493914508
92.0,91.0,62.0,57.75893129269237
94.0,91.0,65.0,56.37316431870375
96.0,91.0,73.0,52.87382526457771
98.0,91.0,60.0,58.70589196864
100.0,91.0,97.0,43.922669234959635
102.0,91.0,5.0,93.33586027273876
104.0,91.0,19.0,82.76067128702596
106.0,91.0,210.0,22.108555941639995
108.0,91.0,246.0,18.974829748169768
110.0,91.0,275.0,17.046907582031256
112.0,91.0,386.0,11.981993059675084
114.0,91.0,286.0,16.412111898903866
116.0,91.0,45.0,66.43185777044876
118.0,91.0,44.0,66.9880572663515
120.0,91.0,47.0,65.33543710352254
119.0,92.0,76.0,51.63217781845873
117.0,92.0,55.0,61.15651924842625
115.0,92.0,64.0,56.830515752147356
113.0,92.0,54.0,61.66123523711983
111.0,92.0,324.0,14.501988056946068
109.0,92.0,266.0,17.601957048279207
107.0,92.0,251.0,18.61144670886559
105.0,92.0,239.0,19.509168533233225
103.0,92.0,90.0,46.31112114436
101.0,92.0,4.0,94.14414269819022
99.0,92.0,127.0,35.442898675546694
97.0,92.0,66.0,55.9203319278888
95.0,92.0,82.0,49.258809023624195
93.0,92.0,111.0,39.63433304369049
91.0,92.0,90.0,46.31112114436
89.0,92.0,68.0,55.0280701180926
87.0,92.0,55.0,61.15651924842625
85.0,92.0,38.0,70.43986552529485
83.0,92.0,96.0,44.253435539940966
81.0,92.0,231.0,20.159968864171525
79.0,92.0,281.0,16.695129197912657
77.0,92.0,254.0,18.400234997638226
75.0,92.0,230.0,20.24455517052
73.0,92.0,102.0,42.319133905557635
71.0,92.0,50.0,63.730105124999994
69.0,92.0,62.0,57.75893129269237
67.0,92.0,46.0,65.88099883757137
65.0,92.0,43.0,67.54964093531305
63.0,92.0,0.0,97.4512
61.0,92.0,4.0,94.14414269819022
60.0,93.0,27.0,77.3037768451805
62.0,93.0,8.0,90.95450402759147
64.0,93.0,47.0,65.33543710352254
66.0,93.0,42.0,68.11665263391413
68.0,93.0,113.0,39.071151920304985
70.0,93.0,32.0,74.09513740234262
72.0,93.0,68.0,55.0280701180926
74.0,93.0,69.0,54.58856419764705
76.0,93.0,207.0,22.419610144684444
78.0,93.0,243.0,19.200037563229472
80.0,93.0,252.0,18.540490534154447
82.0,93.0,196.0,23.641265177240165
84.0,93.0,167.0,27.59466236830438
86.0,93.0,5.0,93.33586027273876
88.0,93.0,46.0,65.88099883757137
90.0,93.0,63.0,57.29242505657988
92.0,93.0,66.0,55.9203319278888
94.0,93.0,70.0,54.153424315479995
96.0,93.0,58.0,59.67171493914508
98.0,93.0,73.0,52.87382526457771
100.0,93.0,81.0,49.64443056266823
102.0,93.0,104.0,41.70061091852943
104.0,93.0,85.0,48.12516846335874
106.0,93.0,172.0,26.826061007790283
108.0,93.0,261.0,17.925940776629805
110.0,93.0,271.0,17.289343211610834
112.0,93.0,295.0,15.923782973886278
114.0,93.0,362.0,12.893016595677913
116.0,93.0,67.0,55.471979982962175
118.0,93.0,28.0,76.64991208492013
120.0,93.0,36.0,71.63519866057585
119.0,94.0,55.0,61.15651924842625
117.0,94.0,47.0,65.33543710352254
115.0,94.0,31.0,74.72482318540713
113.0,94.0,43.0,67.54964093531305
111.0,94.0,347.0,13.500443870045224
109.0,94.0,250.0,18.682965624999987
107.0,94.0,250.0,18.682965624999987
105.0,94.0,192.0,24.11958581161493
103.0,94.0,41.0,68.68913646599376
101.0,94.0,91.0,45.95931061533886
99.0,94.0,139.0,32.731646570707
97.0,94.0,97.0,43.922669234959635
95.0,94.0,101.0,42.633238974098276
93.0,94.0,69.0,54.58856419764705
91.0,94.0,67.0,55.471979982962175
89.0,94.0,62.0,57.75893129269237
87.0,94.0,55.0,61.15651924842625
85.0,94.0,35.0,72.24145541017124
83.0,94.0,5.0,93.33586027273876
81.0,94.0,211.0,22.006847071896686
79.0,94.0,294.0,15.976782784519559
77.0,94.0,246.0,18.974829748169768
75.0,94.0,226.0,20.590525523183523
73.0,94.0,180.0,25.67638965952
71.0,94.0,58.0,59.67171493914508
69.0,94.0,65.0,56.37316431870375
67.0,94.0,36.0,71.63519866057585
65.0,94.0,128.0,35.20361370685931
63.0,94.0,43.0,67.54964093531305
61.0,94.0,23.0,79.9813572042446
60.0,95.0,18.0,83.47176616953098
62.0,95.0,15.0,85.64489305551625
64.0,95.0,38.0,70.43986552529485
66.0,95.0,25.0,78.63004605859375
68.0,95.0,122.0,36.67787974150068
70.0,95.0,44.0,66.9880572663515
72.0,95.0,47.0,65.33543710352254
74.0,95.0,119.0,37.450659617648164
76.0,95.0,219.0,21.22695929779035
78.0,95.0,243.0,19.200037563229472
80.0,95.0,301.0,15.611940904094663
82.0,95.0,310.0,15.162559023640018
84.0,95.0,5.0,93.33586027273876
86.0,95.0,14.0,86.38271870456175
88.0,95.0,32.0,74.09513740234262
90.0,95.0,61.0,58.2300737542174
92.0,95.0,68.0,55.0280701180926
94.0,95.0,106.0,41.09480164378128
96.0,95.0,87.0,47.38841652202742
98.0,95.0,101.0,42.633238974098276
100.0,95.0,81.0,49.64443056266823
102.0,95.0,82.0,49.258809023624195
104.0,95.0,56.0,60.65672112614769
106.0,95.0,40.0,69.26713678336
108.0,95.0,212.0,21.906105133865164
110.0,95.0,250.0,18.682965624999987
112.0,95.0,251.0,18.61144670886559
114.0,95.0,351.0,13.335268946143753
116.0,95.0,173.0,26.6770862720639
118.0,95.0,5.0,93.33586027273876
120.0,95.0,46.0,65.88099883757137
119.0,96.0,51.0,63.20530343614917
117.0,96.0,76.0,51.63217781845873
115.0,96.0,47.0,65.33543710352254
113.0,96.0,64.0,56.830515752147356
111.0,96.0,368.0,12.658697334502243
109.0,96.0,348.0,13.458921738024813
107.0,96.0,279.0,16.810865311149257
105.0,96.0,168.0,27.4377173679358
103.0,96.0,39.0,69.8506981865008
101.0,96.0,51.0,63.20530343614917
99.0,96.0,24.0,79.30254708437646
97.0,96.0,63.0,57.29242505657988
95.0,96.0,94.0,44.92528029222511
93.0,96.0,73.0,52.87382526457771
91.0,96.0,62.0,57.75893129269237
89.0,96.0,62.0,57.75893129269237
87.0,96.0,39.0,69.8506981865008
85.0,96.0,50.0,63.730105124999994
83.0,96.0,31.0,74.72482318540713
81.0,96.0,9.0,90.17503736040335
79.0,96.0,366.0,12.736287456794464
77.0,96.0,244.0,19.124350447125924
75.0,96.0,248.0,18.82772368933356
73.0,96.0,264.0,17.73014022328976
71.0,96.0,119.0,37.450659617648164
69.0,96.0,50.0,63.730105124999994
67.0,96.0,12.0,87.87885252755477
65.0,96.0,36.0,71.63519866057585
63.0,96.0,50.0,63.730105124999994
61.0,96.0,6.0,92.53486214163408
60.0,97.0,24.0,79.30254708437646
62.0,97.0,45.0,66.43185777044876
64.0,97.0,43.0,67.54964093531305
66.0,97.0,70.0,54.153424315479995
68.0,97.0,106.0,41.09480164378128
70.0,97.0,5.0,93.33586027273876
72.0,97.0,65.0,56.37316431870375
74.0,97.0,158.0,29.083694077772268
76.0,97.0,246.0,18.974829748169768
78.0,97.0,256.0,18.26213717540209
80.0,97.0,346.0,13.542120984588937
82.0,97.0,114.0,38.79394746981296
84.0,97.0,45.0,66.43185777044876
86.0,97.0,31.0,74.72482318540713
88.0,97.0,57.0,60.16179992535716
90.0,97.0,60.0,58.70589196864
92.0,97.0,72.0,53.29609218457108
94.0,97.0,70.0,54.153424315479995
96.0,97.0,67.0,55.471979982962175
98.0,97.0,71.0,53.722612794222414
100.0,97.0,58.0,59.67171493914508
102.0,97.0,50.0,63.730105124999994
104.0,97.0,78.0,50.82500906656971
106.0,97.0,47.0,65.33543710352254
108.0,97.0,151.0,30.343332266867368
110.0,97.0,254.0,18.400234997638226
112.0,97.0,249.0,18.755055259477402
114.0,97.0,290.0,16.191869388360043
116.0,97.0,239.0,19.509168533233225
118.0,97.0,57.0,60.16179992535716
120.0,97.0,43.0,67.54964093531305
119.0,98.0,55.0,61.15651924842625
117.0,98.0,98.0,43.59529788209675
115.0,98.0,106.0,41.09480164378128
113.0,98.0,101.0,42.633238974098276
111.0,98.0,301.0,15.611940904094663
109.0,98.0,251.0,18.61144670886559
107.0,98.0,214.0,21.70747254738414
105.0,98.0,55.0,61.15651924842625
103.0,98.0,36.0,71.63519866057585
101.0,98.0,82.0,49.258809023624195
99.0,98.0,61.0,58.2300737542174
97.0,98.0,65.0,56.37316431870375
95.0,98.0,81.0,49.64443056266823
93.0,98.0,74.0,52.45577503893807
91.0,98.0,62.0,57.75893129269237
89.0,98.0,31.0,74.72482318540713
87.0,98.0,5.0,93.33586027273876
85.0,98.0,11.0,88.6372641371643
83.0,98.0,6.0,92.53486214163408
81.0,98.0,75.0,52.04190473828125
79.0,98.0,264.0,17.73014022328976
77.0,98.0,335.0,14.011300966796291
75.0,98.0,258.0,18.12613678375951
73.0,98.0,251.0,18.61144670886559
71.0,98.0,75.0,52.04190473828125
69.0,98.0,41.0,68.68913646599376
67.0,98.0,5.0,93.33586027273876
65.0,98.0,4.0,94.14414269819022
63.0,98.0,73.0,52.87382526457771
61.0,98.0,14.0,86.38271870456175
60.0,99.0,64.0,56.830515752147356
62.0,99.0,29.0,76.00216327206377
64.0,99.0,67.0,55.471979982962175
66.0,99.0,50.0,63.730105124999994
68.0,99.0,58.0,59.67171493914508
70.0,99.0,4.0,94.14414269819022
72.0,99.0,60.0,58.70589196864
74.0,99.0,217.0,21.416469567965475
76.0,99.0,274.0,17.1069026939845
78.0,99.0,367.0,12.697428858908765
80.0,99.0,427.0,10.56058614408525
82.0,99.0,71.0,53.722612794222414
84.0,99.0,9.0,90.17503736040335
86.0,99.0,7.0,91.74109455276806
88.0,99.0,6.0,92.53486214163408
90.0,99.0,20.0,82.05613280447999
92.0,99.0,61.0,58.2300737542174
94.0,99.0,54.0,61.66123523711983
96.0,99.0,70.0,54.153424315479995
98.0,99.0,58.0,59.67171493914508
100.0,99.0,66.0,55.9203319278888
102.0,99.0,70.0,54.153424315479995
104.0,99.0,70.0,54.153424315479995
106.0,99.0,50.0,63.730105124999994
108.0,99.0,115.0,38.51962927439125
110.0,99.0,214.0,21.70747254738414
112.0,99.0,239.0,19.509168533233225
114.0,99.0,277.0,16.928110099045963
116.0,99.0,440.0,10.13535131136004
118.0,99.0,63.0,57.29242505657988
120.0,99.0,73.0,52.87382526457771
119.0,100.0,1.0,96.6132373800201
117.0,100.0,12.0,87.87885252755477
115.0,100.0,24.0,79.30254708437646
113.0,100.0,255.0,18.330920176176264
111.0,100.0,279.0,16.810865311149257
109.0,100.0,241.0,19.35330879269415
107.0,100.0,126.0,35.68471945438032
105.0,100.0,68.0,55.0280701180926
103.0,100.0,80.0,50.03398090752
101.0,100.0,72.0,53.29609218457108
99.0,100.0,73.0,52.87382526457771
97.0,100.0,66.0,55.9203319278888
95.0,100.0,66.0,55.9203319278888
93.0,100.0,76.0,51.63217781845873
91.0,100.0,107.0,40.796589480206244
89.0,100.0,73.0,52.87382526457771
87.0,100.0,13.0,87.1273546673948
85.0,100.0,9.0,90.17503736040335
83.0,100.0,8.0,90.95450402759147
81.0,100.0,7.0,91.74109455276806
79.0,100.0,135.0,33.597492599046255
77.0,100.0,322.0,14.593745882819118
75.0,100.0,257.0,18.193878508313553
73.0,100.0,240.0,19.43091060736001
71.0,100.0,178.0,25.954954587788922
69.0,100.0,2.0,95.78277681262644
67.0,100.0,4.0,94.14414269819022
65.0,100.0,5.0,93.33586027273876
63.0,100.0,86.0,47.754914464401445
61.0,100.0,31.0,74.72482318540713
60.0,101.0,44.0,66.9880572663515
62.0,101.0,162.0,28.404510133847552
64.0,101.0,216.0,21.512560438101627
66.0,101.0,170.0,27.128701317479983
68.0,101.0,203.0,22.84866142927495
70.0,101.0,9.0,90.17503736040335
72.0,101.0,43.0,67.54964093531305
74.0,101.0,227.0,20.502868478152894
76.0,101.0,244.0,19.124350447125924
78.0,101.0,297.0,15.818679389308024
80.0,101.0,192.0,24.11958581161493
82.0,101.0,4.0,94.14414269819022
84.0,101.0,5.0,93.33586027273876
86.0,101.0,4.0,94.14414269819022
88.0,101.0,5.0,93.33586027273876
90.0,101.0,5.0,93.33586027273876
92.0,101.0,27.0,77.3037768451805
94.0,101.0,70.0,54.153424315479995
96.0,101.0,69.0,54.58856419764705
98.0,101.0,66.0,55.9203319278888
100.0,101.0,96.0,44.253435539940966
102.0,101.0,91.0,45.95931061533886
104.0,101.0,75.0,52.04190473828125
106.0,101.0,72.0,53.29609218457108
108.0,101.0,73.0,52.87382526457771
110.0,101.0,179.0,25.814954438575086
112.0,101.0,238.0,19.588091687605235
114.0,101.0,253.0,18.47008922335206
116.0,101.0,313.0,15.01727636060533
118.0,101.0,321.0,14.639935576007908
120.0,101.0,23.0,79.9813572042446
119.0,102.0,130.0,34.73254888851999
117.0,102.0,162.0,28.404510133847552
115.0,102.0,131.0,34.50071834954934
113.0,102.0,321.0,14.639935576007908
111.0,102.0,243.0,19.200037563229472
109.0,102.0,248.0,18.82772368933356
107.0,102.0,170.0,27.128701317479983
105.0,102.0,98.0,43.59529788209675
103.0,102.0,80.0,50.03398090752
101.0,102.0,77.0,51.226557959833585
99.0,102.0,72.0,53.29609218457108
97.0,102.0,71.0,53.722612794222414
95.0,102.0,58.0,59.67171493914508
93.0,102.0,62.0,57.75893129269237
91.0,102.0,50.0,63.730105124999994
89.0,102.0,28.0,76.64991208492013
87.0,102.0,5.0,93.33586027273876
85.0,102.0,4.0,94.14414269819022
83.0,102.0,14.0,86.38271870456175
81.0,102.0,1.0,96.6132373800201
79.0,102.0,6.0,92.53486214163408
77.0,102.0,356.0,13.132132958749331
75.0,102.0,245.0,19.04928403819874
73.0,102.0,284.0,16.52426062314636
71.0,102.0,243.0,19.200037563229472
69.0,102.0,60.0,58.70589196864
67.0,102.0,85.0,48.12516846335874
65.0,102.0,157.0,29.258002694315344
63.0,102.0,166.0,27.753256906643994
61.0,102.0,129.0,34.96683892375799
60.0,103.0,209.0,22.21124427910376
62.0,103.0,242.0,19.276354079168517
64.0,103.0,227.0,20.502868478152894
66.0,103.0,231.0,20.159968864171525
68.0,103.0,247.0,18.900979092430955
70.0,103.0,239.0,19.509168533233225
72.0,103.0,150.0,30.530995375000003
74.0,103.0,226.0,20.590525523183523
76.0,103.0,239.0,19.509168533233225
78.0,103.0,340.0,13.795534399359962
80.0,103.0,348.0,13.458921738024813
82.0,103.0,227.0,20.502868478152894
84.0,103.0,151.0,30.343332266867368
86.0,103.0,140.0,32.520845535359996
88.0,103.0,120.0,37.190354836480005
90.0,103.0,64.0,56.830515752147356
92.0,103.0,75.0,52.04190473828125
94.0,103.0,66.0,55.9203319278888
96.0,103.0,78.0,50.82500906656971
98.0,103.0,92.0,45.611088810987724
100.0,103.0,100.0,42.950613999999995
102.0,103.0,101.0,42.633238974098276
104.0,103.0,97.0,43.922669234959635
106.0,103.0,119.0,37.450659617648164
108.0,103.0,151.0,30.343332266867368
110.0,103.0,146.0,31.30179001383056
112.0,103.0,231.0,20.159968864171525
114.0,103.0,276.0,16.98731195206513
116.0,103.0,357.0,13.091935183351772
118.0,103.0,330.0,14.231503212519979
120.0,103.0,292.0,16.083699820882117
119.0,104.0,275.0,17.046907582031256
117.0,104.0,272.0,17.228114596449473
115.0,104.0,270.0,17.350994959480012
113.0,104.0,314.0,14.969321201275328
111.0,104.0,255.0,18.330920176176264
109.0,104.0,223.0,20.858302553217012
107.0,104.0,206.0,22.525313390408485
105.0,104.0,215.0,21.609557463266242
103.0,104.0,188.0,24.61755385846763
101.0,104.0,176.0,26.239329156621928
99.0,104.0,158.0,29.083694077772268
97.0,104.0,138.0,32.94468809637003
95.0,104.0,148.0,30.91232063840235
93.0,104.0,167.0,27.59466236830438
91.0,104.0,151.0,30.343332266867368
89.0,104.0,267.0,17.53855066828657
87.0,104.0,275.0,17.046907582031256
85.0,104.0,265.0,17.66581804645373
83.0,104.0,272.0,17.228114596449473
81.0,104.0,274.0,17.1069026939845
79.0,104.0,277.0,16.928110099045963
77.0,104.0,295.0,15.923782973886278
75.0,104.0,281.0,16.695129197912657
73.0,104.0,226.0,20.590525523183523
71.0,104.0,199.0,23.29484912784832
69.0,104.0,227.0,20.502868478152894
67.0,104.0,250.0,18.682965624999987
65.0,104.0,243.0,19.200037563229472
63.0,104.0,240.0,19.43091060736001
61.0,104.0,338.0,13.88132519500041
60.0,105.0,264.0,17.73014022328976
62.0,105.0,296.0,15.871083244619362
64.0,105.0,305.0,15.409617039363733
66.0,105.0,297.0,15.818679389308024
68.0,105.0,264.0,17.73014022328976
70.0,105.0,271.0,17.289343211610834
72.0,105.0,227.0,20.502868478152894
74.0,105.0,236.0,19.747970691398265
76.0,105.0,255.0,18.330920176176264
78.0,105.0,299.0,15.71474280728652
80.0,105.0,273.0,17.167303075310105
82.0,105.0,280.0,16.752811371520004
84.0,105.0,277.0,16.928110099045963
86.0,105.0,285.0,16.468013251108772
88.0,105.0,280.0,16.752811371520004
90.0,105.0,284.0,16.52426062314636
92.0,105.0,320.0,14.686336020480006
94.0,105.0,313.0,15.01727636060533
96.0,105.0,272.0,17.228114596449473
98.0,105.0,252.0,18.540490534154447
100.0,105.0,256.0,18.26213717540209
102.0,105.0,283.0,16.580859010937523
104.0,105.0,279.0,16.810865311149257
106.0,105.0,278.0,16.869296399568118
108.0,105.0,273.0,17.167303075310105
110.0,105.0,248.0,18.82772368933356
112.0,105.0,264.0,17.73014022328976
114.0,105.0,268.0,17.475592434739003
116.0,105.0,302.0,15.560955642140026
118.0,105.0,288.0,16.30132764578279
120.0,105.0,289.0,16.246435126366336
119.0,106.0,308.0,15.260627404513084
117.0,106.0,356.0,13.132132958749331
115.0,106.0,393.0,11.728512796936748
113.0,106.0,435.0,10.297894945671331
111.0,106.0,324.0,14.501988056946068
109.0,106.0,288.0,16.30132764578279
107.0,106.0,308.0,15.260627404513084
105.0,106.0,293.0,16.03008695205854
103.0,106.0,303.0,15.510242400569137
101.0,106.0,303.0,15.510242400569137
99.0,106.0,302.0,15.560955642140026
97.0,106.0,299.0,15.71474280728652
95.0,106.0,303.0,15.510242400569137
93.0,106.0,302.0,15.560955642140026
91.0,106.0,303.0,15.510242400569137
89.0,106.0,299.0,15.71474280728652
87.0,106.0,288.0,16.30132764578279
85.0,106.0,321.0,14.639935576007908
83.0,106.0,390.0,11.836527190359966
81.0,106.0,348.0,13.458921738024813
79.0,106.0,332.0,14.142873106432202
77.0,106.0,321.0,14.639935576007908
75.0,106.0,295.0,15.923782973886278
73.0,106.0,280.0,16.752811371520004
71.0,106.0,286.0,16.412111898903866
69.0,106.0,296.0,15.871083244619362
67.0,106.0,305.0,15.409617039363733
65.0,106.0,281.0,16.695129197912657
63.0,106.0,292.0,16.083699820882117
61.0,106.0,295.0,15.923782973886278
60.0,107.0,294.0,15.976782784519559
62.0,107.0,314.0,14.969321201275328
64.0,107.0,306.0,15.359697605515656
66.0,107.0,305.0,15.409617039363733
68.0,107.0,366.0,12.736287456794464
70.0,107.0,391.0,11.800420687029472
72.0,107.0,352.0,13.294350602685697
74.0,107.0,298.0,15.766567267959202
76.0,107.0,305.0,15.409617039363733
78.0,107.0,310.0,15.162559023640018
80.0,107.0,315.0,14.921597022141277
82.0,107.0,314.0,14.969321201275328
84.0,107.0,310.0,15.162559023640018
86.0,107.0,310.0,15.162559023640018
88.0,107.0,329.0,14.276099554906413
90.0,107.0,321.0,14.639935576007908
92.0,107.0,324.0,14.501988056946068
94.0,107.0,321.0,14.639935576007908
96.0,107.0,313.0,15.01727636060533
98.0,107.0,321.0,14.639935576007908
100.0,107.0,321.0,14.639935576007908
102.0,107.0,353.0,13.253579317926253
104.0,107.0,397.0,11.585890091642277
106.0,107.0,344.0,13.625946894793135
108.0,107.0,321.0,14.639935576007908
110.0,107.0,306.0,15.359697605515656
112.0,107.0,310.0,15.162559023640018
114.0,107.0,312.0,15.065465602780371
116.0,107.0,310.0,15.162559023640018
118.0,107.0,314.0,14.969321201275328
120.0,107.0,324.0,14.501988056946068
119.0,108.0,347.0,13.500443870045224
117.0,108.0,343.0,13.668099137627703
115.0,108.0,338.0,13.88132519500041
113.0,108.0,328.0,14.32088649441771
111.0,108.0,328.0,14.32088649441771
109.0,108.0,307.0,15.310035562202678
107.0,108.0,392.0,11.764416214789343
105.0,108.0,431.0,10.428798440856056
103.0,108.0,375.0,12.391038378906238
101.0,108.0,334.0,14.054978179004028
99.0,108.0,348.0,13.458921738024813
97.0,108.0,337.0,13.924476520452906
95.0,108.0,326.0,14.411041641266703
93.0,108.0,337.0,13.924476520452906
91.0,108.0,344.0,13.625946894793135
89.0,108.0,336.0,13.967801102329503
87.0,108.0,337.0,13.924476520452906
85.0,108.0,331.0,14.187095153273745
83.0,108.0,333.0,14.098834843798642
81.0,108.0,325.0,14.456414699218787
79.0,108.0,333.0,14.098834843798642
77.0,108.0,325.0,14.456414699218787
75.0,108.0,349.0,13.41755294427567
73.0,108.0,423.0,10.693353757229445
71.0,108.0,378.0,12.278121157907293
69.0,108.0,361.0,12.932528732356062
67.0,108.0,334.0,14.054978179004028
65.0,108.0,322.0,14.593745882819118
63.0,108.0,332.0,14.142873106432202
61.0,108.0,335.0,14.011300966796291
60.0,109.0,357.0,13.091935183351772
62.0,109.0,363.0,12.853637652030521
64.0,109.0,355.0,13.17247195505125
66.0,109.0,348.0,13.458921738024813
68.0,109.0,348.0,13.458921738024813
70.0,109.0,348.0,13.458921738024813
72.0,109.0,351.0,13.335268946143753
74.0,109.0,346.0,13.542120984588937
76.0,109.0,344.0,13.625946894793135
78.0,109.0,392.0,11.764416214789343
80.0,109.0,475.0,9.010275425781316
82.0,109.0,405.0,11.305195248238746
84.0,109.0,386.0,11.981993059675084
86.0,109.0,373.0,12.46690541031625
88.0,109.0,368.0,12.658697334502243
90.0,109.0,359.0,13.011957736319012
92.0,109.0,372.0,12.50501880654879
94.0,109.0,363.0,12.853637652030521
96.0,109.0,375.0,12.391038378906238
98.0,109.0,371.0,12.54325358042513
100.0,109.0,367.0,12.697428858908765
102.0,109.0,367.0,12.697428858908765
104.0,109.0,365.0,12.775274315328772
106.0,109.0,367.0,12.697428858908765
108.0,109.0,371.0,12.54325358042513
110.0,109.0,374.0,12.4289122955877
112.0,109.0,433.0,10.363242425540761
114.0,109.0,466.0,9.300372036189628
116.0,109.0,398.0,11.550477241530366
118.0,109.0,386.0,11.981993059675084
120.0,109.0,387.0,11.945468656518074
119.0,110.0,390.0,11.836527190359966
117.0,110.0,386.0,11.981993059675084
115.0,110.0,385.0,12.018624389983714
113.0,110.0,391.0,11.800420687029472
111.0,110.0,390.0,11.836527190359966
109.0,110.0,385.0,12.018624389983714
107.0,110.0,376.0,12.353282588788382
105.0,110.0,378.0,12.278121157907293
103.0,110.0,389.0,11.872736701372482
101.0,110.0,385.0,12.018624389983714
99.0,110.0,383.0,12.092211782999804
97.0,110.0,470.0,9.171790563480187
95.0,110.0,446.0,9.941599467088295
93.0,110.0,399.0,11.51515954344476
91.0,110.0,390.0,11.836527190359966
89.0,110.0,382.0,12.129169832273831
87.0,110.0,380.0,12.203419643520057
85.0,110.0,384.0,12.055363634141628
83.0,110.0,379.0,12.24071342764347
81.0,110.0,379.0,12.24071342764347
79.0,110.0,382.0,12.129169832273831
77.0,110.0,366.0,12.736287456794464
75.0,110.0,371.0,12.54325358042513
73.0,110.0,371.0,12.54325358042513
71.0,110.0,371.0,12.54325358042513
69.0,110.0,374.0,12.4289122955877
67.0,110.0,380.0,12.203419643520057
65.0,110.0,394.0,11.692709455946755
63.0,110.0,492.0,8.448825969336525
61.0,110.0,471.0,9.139568381319236
60.0,111.0,459.0,9.52467059002933
62.0,111.0,402.0,11.40976735779126
64.0,111.0,415.0,10.962179351016374
66.0,111.0,428.0,10.527550972036835
68.0,111.0,397.0,11.585890091642277
70.0,111.0,409.0,11.166993066284178
72.0,111.0,395.0,11.657005212761185
74.0,111.0,404.0,11.339963207067115
76.0,111.0,406.0,11.270515313102834
78.0,111.0,411.0,11.098398749349158
80.0,111.0,407.0,11.235922348760766
82.0,111.0,395.0,11.657005212761185
84.0,111.0,396.0,11.621399086078604
86.0,111.0,396.0,11.621399086078604
88.0,111.0,413.0,11.030130539995525
90.0,111.0,502.0,8.103747019682572
92.0,111.0,464.0,9.364521527712299
94.0,111.0,433.0,10.363242425540761
96.0,111.0,411.0,11.098398749349158
98.0,111.0,418.0,10.860826476743824
100.0,111.0,411.0,11.098398749349158
102.0,111.0,411.0,11.098398749349158
104.0,111.0,420.0,10.793626372480034
106.0,111.0,403.0,11.374820232423396
108.0,111.0,404.0,11.339963207067115
110.0,111.0,404.0,11.339963207067115
112.0,111.0,402.0,11.40976735779126
114.0,111.0,408.0,11.2014152915403
116.0,111.0,408.0,11.2014152915403
118.0,111.0,411.0,11.098398749349158
120.0,111.0,408.0,11.2014152915403
119.0,112.0,422.0,10.726709349638284
117.0,112.0,572.0,4.824970515067321
115.0,112.0,588.0,3.6685659766888534
113.0,112.0,513.0,7.704341353545971
111.0,112.0,448.0,9.877264320476087
109.0,112.0,427.0,10.56058614408525
107.0,112.0,426.0,10.593682592630103
105.0,112.0,421.0,10.760133117862253
103.0,112.0,428.0,10.527550972036835
101.0,112.0,420.0,10.793626372480034
99.0,112.0,418.0,10.860826476743824
97.0,112.0,424.0,10.660065007909353
95.0,112.0,420.0,10.793626372480034
93.0,112.0,416.0,10.928319731131978
91.0,112.0,424.0,10.660065007909353
89.0,112.0,418.0,10.860826476743824
87.0,112.0,496.0,8.312494845617891
85.0,112.0,506.0,7.961268337170196
83.0,112.0,461.0,9.46063546976221
81.0,112.0,441.0,10.102970082914624
79.0,112.0,426.0,10.593682592630103
77.0,112.0,419.0,10.827190402634798
75.0,112.0,424.0,10.660065007909353
73.0,112.0,415.0,10.962179351016374
71.0,112.0,414.0,10.996115895486554
69.0,112.0,415.0,10.962179351016374
67.0,112.0,420.0,10.793626372480034
65.0,112.0,411.0,11.098398749349158
63.0,112.0,416.0,10.928319731131978
61.0,112.0,417.0,10.894535843209894
60.0,113.0,515.0,7.628927849891312
62.0,113.0,438.0,10.20023591455562
64.0,113.0,446.0,9.941599467088295
66.0,113.0,525.0,7.236042542968846
68.0,113.0,580.0,4.275090267520227
70.0,113.0,481.0,8.814743779077105
72.0,113.0,470.0,9.171790563480187
74.0,113.0,449.0,9.845134177793923
76.0,113.0,439.0,10.167772649245592
78.0,113.0,437.0,10.23274289104316
80.0,113.0,437.0,10.23274289104316
82.0,113.0,442.0,10.070627110983054
84.0,113.0,446.0,9.941599467088295
86.0,113.0,442.0,10.070627110983054
88.0,113.0,438.0,10.20023591455562
90.0,113.0,436.0,10.265295328940681
92.0,113.0,444.0,10.006048345980247
94.0,113.0,441.0,10.102970082914624
96.0,113.0,445.0,9.973808665948766
98.0,113.0,441.0,10.102970082914624
100.0,113.0,508.0,7.8889041859274585
102.0,113.0,509.0,7.852420920554437
104.0,113.0,483.0,8.749025268421946
106.0,113.0,456.0,9.620715546576562
108.0,113.0,448.0,9.877264320476087
110.0,113.0,470.0,9.171790563480187
112.0,113.0,455.0,9.652738743926221
114.0,113.0,446.0,9.941599467088295
116.0,113.0,445.0,9.973808665948766
118.0,113.0,456.0,9.620715546576562
120.0,113.0,443.0,10.038320506985727
119.0,114.0,465.0,9.332456054203817
117.0,114.0,512.0,7.741695352130847
115.0,114.0,459.0,9.52467059002933
113.0,114.0,462.0,9.428608408353156
111.0,114.0,454.0,9.684770189836655
109.0,114.0,543.0,6.444047887303952
107.0,114.0,556.0,5.781237162883713
105.0,114.0,504.0,8.032867659086236
103.0,114.0,480.0,8.847492075520137
101.0,114.0,460.0,9.492655296640052
99.0,114.0,459.0,9.52467059002933
97.0,114.0,458.0,9.556684001813991
95.0,114.0,453.0,9.716812301060571
93.0,114.0,467.0,9.268266516171082
91.0,114.0,454.0,9.684770189836655
89.0,114.0,452.0,9.748867449456895
87.0,114.0,452.0,9.748867449456895
85.0,114.0,452.0,9.748867449456895
83.0,114.0,459.0,9.52467059002933
81.0,114.0,450.0,9.813026125000036
79.0,114.0,449.0,9.845134177793923
77.0,114.0,503.0,8.068394580837577
75.0,114.0,592.0,3.3418056605237894
73.0,114.0,533.0,6.899369708643093
71.0,114.0,477.0,8.945338943218445
69.0,114.0,466.0,9.300372036189628
67.0,114.0,460.0,9.492655296640052
65.0,114.0,467.0,9.268266516171082
63.0,114.0,450.0,9.813026125000036
61.0,114.0,451.0,9.780937962701998
60.0,115.0,462.0,9.428608408353156
62.0,115.0,472.0,9.10730909408798
64.0,115.0,472.0,9.10730909408798
66.0,115.0,466.0,9.300372036189628
68.0,115.0,461.0,9.46063546976221
70.0,115.0,463.0,9.396571361500733
72.0,115.0,467.0,9.268266516171082
74.0,115.0,467.0,9.268266516171082
76.0,115.0,533.0,6.899369708643093
78.0,115.0,584.0,3.9793512074921296
80.0,115.0,535.0,6.8115906545463645
82.0,115.0,485.0,8.682984558858891
84.0,115.0,506.0,7.961268337170196
86.0,115.0,476.0,8.977834250791545
88.0,115.0,471.0,9.139568381319236
90.0,115.0,473.0,9.075009413082455
92.0,115.0,472.0,9.10730909408798
94.0,115.0,467.0,9.268266516171082
96.0,115.0,471.0,9.139568381319236
98.0,115.0,469.0,9.20397887229592
100.0,115.0,478.0,8.912785918806577
102.0,115.0,474.0,9.042665991910951
104.0,115.0,471.0,9.139568381319236
106.0,115.0,471.0,9.139568381319236
108.0,115.0,464.0,9.364521527712299
110.0,115.0,548.0,6.199547372687277
112.0,115.0,588.0,3.6685659766888534
114.0,115.0,519.0,7.475098675336994
116.0,115.0,508.0,7.8889041859274585
118.0,115.0,482.0,8.78192280923696
120.0,115.0,481.0,8.814743779077105
119.0,116.0,487.0,8.61658916102823
117.0,116.0,504.0,8.032867659086236
115.0,116.0,485.0,8.682984558858891
113.0,116.0,481.0,8.814743779077105
111.0,116.0,481.0,8.814743779077105
109.0,116.0,481.0,8.814743779077105
107.0,116.0,480.0,8.847492075520137
105.0,116.0,482.0,8.78192280923696
103.0,116.0,476.0,8.977834250791545
101.0,116.0,494.0,8.38091764289399
99.0,116.0,611.0,1.5408236815214877
97.0,116.0,567.0,5.142898816073227
95.0,116.0,527.0,7.153915079411604
93.0,116.0,504.0,8.032867659086236
91.0,116.0,496.0,8.312494845617891
89.0,116.0,496.0,8.312494845617891
87.0,116.0,482.0,8.78192280923696
85.0,116.0,486.0,8.649833268126486
83.0,116.0,488.0,8.583248008893293
81.0,116.0,482.0,8.78192280923696
79.0,116.0,493.0,8.414933744774885
77.0,116.0,483.0,8.749025268421946
75.0,116.0,485.0,8.682984558858891
73.0,116.0,476.0,8.977834250791545
71.0,116.0,481.0,8.814743779077105
69.0,116.0,477.0,8.945338943218445
67.0,116.0,519.0,7.475098675336994
65.0,116.0,631.0,-0.896275092539554
63.0,116.0,562.0,5.442884736868507
61.0,116.0,520.0,7.435977364480038
60.0,117.0,492.0,8.448825969336525
62.0,117.0,492.0,8.448825969336525
64.0,117.0,504.0,8.032867659086236
66.0,117.0,501.0,8.13893038321109
68.0,117.0,493.0,8.414933744774885
70.0,117.0,495.0,8.346772941636232
72.0,117.0,490.0,8.516257312359954
74.0,117.0,493.0,8.414933744774885
76.0,117.0,483.0,8.749025268421946
78.0,117.0,488.0,8.583248008893293
80.0,117.0,496.0,8.312494845617891
82.0,117.0,488.0,8.583248008893293
84.0,117.0,489.0,8.54980551469879
86.0,117.0,516.0,7.590855609967349
88.0,117.0,632.0,-1.035377382118213
90.0,117.0,547.0,6.249431271593608
92.0,117.0,517.0,7.552531074792057
94.0,117.0,507.0,7.925184720359056
96.0,117.0,496.0,8.312494845617891
98.0,117.0,498.0,8.243518916861461
100.0,117.0,494.0,8.38091764289399
102.0,117.0,492.0,8.448825969336525
104.0,117.0,499.0,8.20881112032302
106.0,117.0,494.0,8.38091764289399
108.0,117.0,492.0,8.448825969336525
110.0,117.0,495.0,8.346772941636232
112.0,117.0,490.0,8.516257312359954
114.0,117.0,506.0,7.961268337170196
116.0,117.0,494.0,8.38091764289399
118.0,117.0,495.0,8.346772941636232
120.0,117.0,589.0,3.588410630344981
119.0,118.0,503.0,8.068394580837577
117.0,118.0,570.0,4.95439172548015
115.0,118.0,612.0,1.4333136245659261
113.0,118.0,532.0,6.942689664358568
111.0,118.0,512.0,7.741695352130847
109.0,118.0,507.0,7.925184720359056
107.0,118.0,503.0,8.068394580837577
105.0,118.0,505.0,7.997160767113797
103.0,118.0,510.0,7.815729027640089
101.0,118.0,513.0,7.704341353545971
99.0,118.0,507.0,7.925184720359056
97.0,118.0,505.0,7.997160767113797
95.0,118.0,504.0,8.032867659086236
93.0,118.0,501.0,8.13893038321109
91.0,118.0,520.0,7.435977364480038
89.0,118.0,612.0,1.4333136245659261
87.0,118.0,612.0,1.4333136245659261
85.0,118.0,565.0,5.2649626630788475
83.0,118.0,537.0,6.722237503473423
81.0,118.0,527.0,7.153915079411604
79.0,118.0,507.0,7.925184720359056
77.0,118.0,514.0,7.66675429401775
75.0,118.0,508.0,7.8889041859274585
73.0,118.0,514.0,7.66675429401775
71.0,118.0,502.0,8.103747019682572
69.0,118.0,500.0,8.173950000000048
67.0,118.0,505.0,7.997160767113797
65.0,118.0,498.0,8.243518916861461
63.0,118.0,498.0,8.243518916861461
61.0,118.0,502.0,8.103747019682572
60.0,119.0,516.0,7.590855609967349
62.0,119.0,538.0,6.676949542270904
64.0,119.0,643.0,-2.688830105417651
66.0,119.0,684.0,-11.303553222152345
68.0,119.0,624.0,0.02897455399579485
70.0,119.0,593.0,3.2575072115733406
72.0,119.0,545.0,6.347704364823983
74.0,119.0,534.0,6.855672775234439
76.0,119.0,518.0,7.513947655947106
78.0,119.0,511.0,7.778822526595434
80.0,119.0,509.0,7.852420920554437
82.0,119.0,510.0,7.815729027640089
84.0,119.0,509.0,7.852420920554437
86.0,119.0,513.0,7.704341353545971
88.0,119.0,513.0,7.704341353545971
90.0,119.0,511.0,7.778822526595434
92.0,119.0,510.0,7.815729027640089
94.0,119.0,512.0,7.741695352130847
96.0,119.0,512.0,7.741695352130847
98.0,119.0,620.0,0.5214345964801623
100.0,119.0,589.0,3.588410630344981
102.0,119.0,556.0,5.781237162883713
104.0,119.0,532.0,6.942689664358568
106.0,119.0,521.0,7.3965768637963265
108.0,119.0,516.0,7.590855609967349
110.0,119.0,514.0,7.66675429401775
112.0,119.0,514.0,7.66675429401775
114.0,119.0,513.0,7.704341353545971
116.0,119.0,525.0,7.236042542968846
118.0,119.0,515.0,7.628927849891312
120.0,119.0,514.0,7.66675429401775
119.0,120.0,529.0,7.070468249734773
